{"cameraMode":{"drawMode":0,"name":"Shaded","section":"Shading Mode"},"sceneLighting":true,"audioPlay":false,"sceneViewState":{"showFog":true,"showMaterialUpdate":false,"showSkybox":true,"showFlares":true,"showImageEffects":true,"showParticleSystems":true},"in2DMode":false,"pivot":{"x":283.0044250488281,"y":-28.3841609954834,"z":-237.19903564453126},"rotation":{"x":-0.1179153248667717,"y":0.006266685668379068,"z":0.0007407024968415499,"w":0.9930168986320496},"size":63.63386154174805,"orthographic":false}